id,uuid,observed_on_string,observed_on,Month,Year,time_observed_at,time_zone,user_id,user_login,user_name,created_at,updated_at,quality_grade,license,url,image_url,sound_url,tag_list,description,num_identification_agreements,num_identification_disagreements,captive_cultivated,oauth_application_id,place_guess,latitude,longitude,positional_accuracy,private_place_guess,private_latitude,private_longitude,public_positional_accuracy,geoprivacy,taxon_geoprivacy,coordinates_obscured,positioning_method,positioning_device,place_town_name,place_county_name,species_guess,scientific_name,common_name,iconic_taxon_name
52411903,06490b6e-7317-4284-908a-7afa384ab5fc,2019/08/01 12:40 PM EDT,2019-08-01,August,2019,2019-08-01 16:40:00 UTC,Eastern Time (US & Canada),3298214,marieliseb,Marie-Lise Beaudin,2020-07-08 22:07:51 UTC,2023-01-29 11:35:51 UTC,research,CC-BY-NC,https://www.inaturalist.org/observations/52411903,https://inaturalist-open-data.s3.amazonaws.com/photos/83264249/medium.jpg,,,,6,2,FALSE,,"Châteauguay, QC, Canada",45.3476633397,-73.7711200008,31,,,,31,,,FALSE,,,"Châteauguay, Qc - Défi nature urbaine",Roussillon,Hesperomyces harmoniae,Hesperomyces harmoniae,,Fungi
84511152,6ae4fcbf-8818-48cd-a42d-45945f94baa6,2021/06/25 12:44 PM EDT,2021-06-25,June,2021,2021-06-25 16:44:00 UTC,Eastern Time (US & Canada),3267913,ornitholarocque,,2021-06-26 04:43:12 UTC,2022-12-22 17:28:12 UTC,research,CC-BY-NC,https://www.inaturalist.org/observations/84511152,https://inaturalist-open-data.s3.amazonaws.com/photos/138911392/medium.jpeg,,,,3,0,FALSE,,"330 Rang des Vingt Cinq E, Saint-Bruno-de-Montarville, QC J3V 4P6, Canada",45.546267,-73.342501,177,,,,177,,,FALSE,,,,La Vallée-du-Richelieu,Hesperomyces harmoniae,Hesperomyces harmoniae,,Fungi
87665579,9b8d1780-f5c4-437d-b54b-385c2da44532,2021-07-18 19:04:21,2021-07-18,July,2021,2021-07-18 23:04:21 UTC,Eastern Time (US & Canada),117695,jsaguez,,2021-07-19 03:14:39 UTC,2023-01-01 12:26:04 UTC,research,CC-BY-NC,https://www.inaturalist.org/observations/87665579,https://inaturalist-open-data.s3.amazonaws.com/photos/144560336/medium.jpeg,,,,4,1,FALSE,2,"Notre-Dame-Auxiliatrice, Saint-Jean-sur-Richelieu, QC, Canada",45.3159564961,-73.2521987334,288,,,,288,,,FALSE,gps,gps,,Le Haut-Richelieu,Hesperomyces harmoniae,Hesperomyces harmoniae,,Fungi
90177637,96dd1a27-7d98-44b9-a0dc-4abb00f36af8,2021-08-06 13:38:40,2021-08-06,August,2021,2021-08-06 17:38:40 UTC,Eastern Time (US & Canada),3198570,aterrigeol,Alexandre Terrigeol,2021-08-06 19:23:22 UTC,2023-01-01 12:40:27 UTC,research,CC-BY-NC-ND,https://www.inaturalist.org/observations/90177637,https://inaturalist-open-data.s3.amazonaws.com/photos/149006195/medium.jpeg,,,,3,0,FALSE,2,"Saint-Joseph-de-la-Pointe-de-Lévy, Lévis, QC, Canada",46.7791670833,-71.0223243333,,,,,,,,FALSE,gps,gps,,Desjardins,Hesperomyces harmoniae,Hesperomyces harmoniae,,Fungi
92119062,e6437373-3175-4d28-be34-b00d1e265fc9,2021/08/19 6:08 PM HST,2021-08-19,August,2021,2021-08-20 04:08:00 UTC,Hawaii,2474444,mikkio,,2021-08-22 16:17:36 UTC,2023-01-01 19:32:45 UTC,research,CC-BY-NC,https://www.inaturalist.org/observations/92119062,https://inaturalist-open-data.s3.amazonaws.com/photos/152470891/medium.jpeg,,,,2,0,FALSE,,"Chelsea, QC, Canada",45.5311251935,-75.8665466309,1953,,,,1953,,,FALSE,,,,Les Collines-de-l'Outaouais,Hesperomyces harmoniae,Hesperomyces harmoniae,,Fungi
95850949,d1c9c1ef-e743-4775-8014-0f644f4b3d4f,2021/09/17 9:00 AM EDT,2021-09-17,September,2021,2021-09-17 13:00:00 UTC,Eastern Time (US & Canada),2127159,see-em,,2021-09-23 13:41:17 UTC,2023-01-01 13:16:48 UTC,research,CC-BY-NC,https://www.inaturalist.org/observations/95850949,https://inaturalist-open-data.s3.amazonaws.com/photos/159173601/medium.jpeg,,,,3,0,FALSE,,"Gracefield, QC, Canada",46.09272,-76.053301,1631,,,,1631,,,FALSE,,,,La Vallée-de-la-Gatineau,Hesperomyces harmoniae,Hesperomyces harmoniae,,Fungi
121736697,cb4a5f2a-8edc-4ffc-956e-635076a7f2ec,2022/06/12 14:32,2022-06-12,June,2022,2022-06-12 18:32:00 UTC,Eastern Time (US & Canada),4804252,jaellerivard,Jaëlle Rivard,2022-06-14 14:35:04 UTC,2023-06-29 16:06:33 UTC,research,CC-BY-NC,https://www.inaturalist.org/observations/121736697,https://static.inaturalist.org/photos/206036678/medium.jpg,,,,3,0,FALSE,,"Portneuf, QC, Canada",46.6883248903,-71.8892684608,31,,,,31,,,FALSE,,,,Portneuf,Hesperomyces harmoniae,Hesperomyces harmoniae,,Fungi
122393748,a0b95442-0501-4ca8-acd5-3b475d693d44,2022-06-18 17:48:12,2022-06-18,June,2022,2022-06-18 21:48:12 UTC,Eastern Time (US & Canada),3278920,justinrousseau,Justin Rousseau,2022-06-18 23:27:56 UTC,2024-08-30 13:59:12 UTC,research,CC-BY,https://www.inaturalist.org/observations/122393748,https://inaturalist-open-data.s3.amazonaws.com/photos/207219194/medium.jpeg,,,Parasiting Harmonia axyridis,3,0,FALSE,2,"Montréal, QC H2E 2Y4, Canada",45.552947,-73.6011979722,,,,,,,,FALSE,,,,Communauté-Urbaine-de-Montréal,Hesperomyces harmoniae,Hesperomyces harmoniae,,Fungi
122942353,545ee2a5-cbec-4352-aec5-2f81ef5cf2a7,2022-06-20 17:54:32,2022-06-20,June,2022,2022-06-20 21:54:32 UTC,Eastern Time (US & Canada),1980298,lantinantoine,Antoine Lantin,2022-06-22 13:14:54 UTC,2023-01-09 13:52:47 UTC,research,CC-BY-NC,https://www.inaturalist.org/observations/122942353,https://inaturalist-open-data.s3.amazonaws.com/photos/208216304/medium.jpeg,,,,3,0,FALSE,2,"Québec, QC G1L 4W6, Canada",46.8254597437,-71.2382064387,3,,,,3,,,FALSE,gps,gps,,Communauté-Urbaine-de-Québec,Hesperomyces harmoniae,Hesperomyces harmoniae,,Fungi
127179564,82ae6671-da0d-4eda-bc0f-300ed441898e,2022/07/20 22:30,2022-07-20,July,2022,2022-07-21 02:30:00 UTC,Eastern Time (US & Canada),3150281,louischevrier,Louis Chevrier,2022-07-21 03:18:49 UTC,2023-01-09 13:56:46 UTC,research,CC-BY-NC,https://www.inaturalist.org/observations/127179564,https://inaturalist-open-data.s3.amazonaws.com/photos/215883781/medium.jpeg,,,,4,1,FALSE,,"Saint-Sauveur, QC J0R, Canada",45.8995939151,-74.1582266264,244,,,,244,,,FALSE,,,,Les Pays-d'en-Haut,Hesperomyces harmoniae,Hesperomyces harmoniae,,Fungi
127677855,55cd9075-3c38-4c2f-b8d1-a5bdbdede081,2022/06/13 4:20 PM,2022-06-13,June,2022,2022-06-13 20:20:00 UTC,Eastern Time (US & Canada),776355,wconn88,Wendy Conn,2022-07-24 14:31:01 UTC,2023-01-09 13:57:21 UTC,research,CC-BY-NC,https://www.inaturalist.org/observations/127677855,https://inaturalist-open-data.s3.amazonaws.com/photos/216785739/medium.jpeg,,,"this is iNaturalist's suggestion, rather than an asian beetle",2,0,FALSE,,"West Bolton, Quebec, QC J0E 2T0, Canada",45.2435029,-72.454758,1527,,,,1527,,,FALSE,,,,Brome-Missisquoi,Hesperomyces harmoniae,Hesperomyces harmoniae,,Fungi
128609621,9561b8d6-91b4-4d0e-bc5a-5b6edb2244c9,2022/07/30 10:31,2022-07-30,July,2022,2022-07-30 14:31:00 UTC,Eastern Time (US & Canada),5782874,pierroxgoum,Michel Goulet,2022-07-30 14:32:29 UTC,2023-01-09 15:18:20 UTC,research,CC-BY-NC,https://www.inaturalist.org/observations/128609621,https://inaturalist-open-data.s3.amazonaws.com/photos/218470111/medium.jpg,,,,2,0,FALSE,,"Pierrefonds, Montréal, QC, Canada",45.4714627558,-73.9320337473,94,,,,94,,,FALSE,,,,Communauté-Urbaine-de-Montréal,Hesperomyces harmoniae,Hesperomyces harmoniae,,Fungi
128964261,c7393536-ef40-4aad-ba98-ff7c9310c12e,2022-08-01 07:27:48,2022-08-01,August,2022,2022-08-01 11:27:48 UTC,Eastern Time (US & Canada),2089532,jean3075,Jean C.,2022-08-01 12:32:30 UTC,2023-08-11 20:56:36 UTC,research,CC-BY-NC,https://www.inaturalist.org/observations/128964261,https://inaturalist-open-data.s3.amazonaws.com/photos/219107764/medium.jpeg,,,,2,0,FALSE,2,"Longueuil, QC J4L 2Z9, Canada",45.50836,-73.460885,,,,,,,,FALSE,,,,Champlain,Hesperomyces harmoniae,Hesperomyces harmoniae,,Fungi
132184482,89672683-6513-4a40-9247-951d0b4c74fb,2022/08/17 10:40 PM,2022-08-17,August,2022,2022-08-18 02:40:00 UTC,Eastern Time (US & Canada),2742914,ellyne,Ellyne Geurts,2022-08-24 20:07:43 UTC,2023-06-17 14:27:35 UTC,research,CC0,https://www.inaturalist.org/observations/132184482,https://inaturalist-open-data.s3.amazonaws.com/photos/224432119/medium.jpeg,,,For the fungus on the back of the elytra ,4,0,FALSE,,"Mile End, Montreal, QC, Canada",45.5238320861,-73.5987690856,43,,,,43,,,FALSE,,,,Communauté-Urbaine-de-Montréal,Hesperomyces harmoniae,Hesperomyces harmoniae,,Fungi
133953398,ad4972f7-65ea-4301-94c6-593efee9a003,2022/06/06 10:40 AM,2022-06-06,June,2022,2022-06-06 14:40:00 UTC,Eastern Time (US & Canada),1271914,mmacnair13,,2022-09-06 20:10:24 UTC,2023-01-09 14:03:07 UTC,research,CC-BY-NC,https://www.inaturalist.org/observations/133953398,https://inaturalist-open-data.s3.amazonaws.com/photos/228246611/medium.jpg,,,,4,0,FALSE,,"Châteauguay, QC, Canada",45.3809830674,-73.7339033055,15,,,,15,,,FALSE,,,"Châteauguay, Qc - Défi nature urbaine",Roussillon,Hesperomyces harmoniae,Hesperomyces harmoniae,,Fungi
137044024,3fc0b37c-5d8c-4a88-8f07-2dc14c688e68,2022-09-30 12:59:56,2022-09-30,September,2022,2022-09-30 16:59:56 UTC,Eastern Time (US & Canada),5427799,telusflp,FREDERIC LEPAILLEUR,2022-09-30 17:00:50 UTC,2023-01-09 14:04:08 UTC,research,CC-BY-NC,https://www.inaturalist.org/observations/137044024,https://inaturalist-open-data.s3.amazonaws.com/photos/233983598/medium.jpeg,,,,5,2,FALSE,2,"La Prairie, QC J5R 6N6, Canada",45.39158021,-73.48615824,7,,,,7,,,FALSE,,," La Prairie, Qc - Défi nature urbaine",Roussillon,Hesperomyces harmoniae,Hesperomyces harmoniae,,Fungi
137742524,66e914db-ec9c-4525-888c-58cf47537fe8,2022-10-05 19:00:26,2022-10-05,October,2022,2022-10-05 23:00:26 UTC,Eastern Time (US & Canada),1980298,lantinantoine,Antoine Lantin,2022-10-06 13:46:17 UTC,2023-01-09 14:04:17 UTC,research,CC-BY-NC,https://www.inaturalist.org/observations/137742524,https://inaturalist-open-data.s3.amazonaws.com/photos/235306953/medium.jpeg,,,,3,0,FALSE,2,"Québec, QC G1R, Canada",46.8011620114,-71.2185810506,8,,,,8,,,FALSE,,,,Communauté-Urbaine-de-Québec,Hesperomyces harmoniae,Hesperomyces harmoniae,,Fungi
137891604,b791b042-cbb6-44a4-8223-02ad2bebc774,Thu Oct 06 2022 16:52:37 GMT -0400 (EDT),2022-10-06,October,2022,2022-10-06 20:52:37 UTC,Eastern Time (US & Canada),3362817,jdmd264,Justin,2022-10-07 19:10:37 UTC,2022-12-16 15:03:17 UTC,research,CC-BY-NC,https://www.inaturalist.org/observations/137891604,https://inaturalist-open-data.s3.amazonaws.com/photos/235593832/medium.jpeg,,,,2,0,FALSE,333,Montréal,45.5641021729,-73.5684814453,64,,,,64,,,FALSE,,,,Communauté-Urbaine-de-Montréal,Hesperomyces harmoniae,Hesperomyces harmoniae,,Fungi
167530508,0bad58eb-8a54-4842-a313-d83e13a8bae0,2023-06-15 09:45:15,2023-06-15,June,2023,2023-06-15 13:45:15 UTC,Eastern Time (US & Canada),7038289,viandemoisie,,2023-06-15 14:16:28 UTC,2024-08-30 22:36:41 UTC,research,CC-BY,https://www.inaturalist.org/observations/167530508,https://static.inaturalist.org/photos/290226507/medium.jpeg,,,Élytres de la coccinelle semblent fracturées + tache noirâtre à l'arrière des élytres sur laquelle poussent des champignons parasites (Hesperomyces harmoniae),1,0,FALSE,2,"Vieux-Port de Montréal, Montréal, QC, Canada",45.5051240953,-73.5476792604,23,,,,23,,,FALSE,,,,Communauté-Urbaine-de-Montréal,Hesperomyces harmoniae,Hesperomyces harmoniae,,Fungi
171795574,f6bc6e95-c4db-48dc-b216-366394600996,2023-07-08 13:48:58,2023-07-08,July,2023,2023-07-08 17:48:58 UTC,Eastern Time (US & Canada),6343619,cryokinesis,Lukas Kramosch,2023-07-08 18:31:45 UTC,2023-07-09 10:22:21 UTC,research,CC-BY-NC,https://www.inaturalist.org/observations/171795574,https://inaturalist-open-data.s3.amazonaws.com/photos/298145866/medium.jpeg,,,,1,0,FALSE,2,Roxboro,45.5052636713,-73.8033038378,1533,,,,1533,,,FALSE,gps,gps,,Communauté-Urbaine-de-Montréal,Hesperomyces harmoniae,Hesperomyces harmoniae,,Fungi
172527431,857ee767-3e63-4fca-891c-d834305041ee,2023-07-12 11:52:18,2023-07-12,July,2023,2023-07-12 15:52:18 UTC,Eastern Time (US & Canada),7038289,viandemoisie,,2023-07-12 16:25:28 UTC,2024-08-30 22:36:41 UTC,research,CC-BY,https://www.inaturalist.org/observations/172527431,https://static.inaturalist.org/photos/299516109/medium.jpeg,,,Sur coccinelle asiatique,1,0,FALSE,2,"Vieux-Port de Montréal, Montréal, QC, Canada",45.5050630013,-73.5477020591,32,,,,32,,,FALSE,,,,Communauté-Urbaine-de-Montréal,Hesperomyces harmoniae,Hesperomyces harmoniae,,Fungi
172915281,85e7ccbb-6413-4219-806c-5e04546226a0,2023-07-14 17:55:58,2023-07-14,July,2023,2023-07-14 21:55:58 UTC,Eastern Time (US & Canada),6343619,cryokinesis,Lukas Kramosch,2023-07-14 22:01:58 UTC,2023-07-24 18:35:34 UTC,research,CC-BY-NC,https://www.inaturalist.org/observations/172915281,https://inaturalist-open-data.s3.amazonaws.com/photos/300234877/medium.jpeg,,,,1,0,FALSE,2,"Montreal, QC H8Y 2M3, Canada",45.5092026,-73.8054395997,,,,,,,,FALSE,gps,gps,,Communauté-Urbaine-de-Montréal,Hesperomyces harmoniae,Hesperomyces harmoniae,,Fungi
175641542,54f61e7a-e708-4de0-9766-041d021a23b1,2023-07-29 19:06:50,2023-07-29,July,2023,2023-07-29 23:06:50 UTC,Eastern Time (US & Canada),3198570,aterrigeol,Alexandre Terrigeol,2023-07-30 00:23:22 UTC,2023-07-30 10:41:04 UTC,research,CC-BY-NC-ND,https://www.inaturalist.org/observations/175641542,https://inaturalist-open-data.s3.amazonaws.com/photos/305263343/medium.jpeg,,,,2,0,FALSE,2,"Les Escoumins, QC G0T 1K0, Canada",48.3321109,-69.3968025,,,,,,,,FALSE,gps,gps,,La Haute-Côte-Nord,Hesperomyces harmoniae,Hesperomyces harmoniae,,Fungi
176170558,9d4bd5d7-f7c9-4c68-85b2-7e0160a27491,2023-08-01 16:33:01,2023-08-01,August,2023,2023-08-01 20:33:01 UTC,Eastern Time (US & Canada),7038289,viandemoisie,,2023-08-01 20:45:51 UTC,2024-10-21 21:25:59 UTC,research,CC-BY,https://www.inaturalist.org/observations/176170558,https://static.inaturalist.org/photos/306246787/medium.jpeg,,,,0,0,FALSE,2,"Vieux-Port de Montréal, Montréal, QC, Canada",45.5050060611,-73.5476535278,,,,,,,,FALSE,gps,gps,,Communauté-Urbaine-de-Montréal,Hesperomyces harmoniae,Hesperomyces harmoniae,,Fungi
177045562,eb04d3b3-ba54-4f29-8db2-59a68190ca27,2023-08-06 16:55:24-04:00,2023-08-06,August,2023,2023-08-06 20:55:24 UTC,Eastern Time (US & Canada),7224090,bea3355,,2023-08-06 20:56:38 UTC,2023-08-07 00:17:33 UTC,research,CC-BY-NC,https://www.inaturalist.org/observations/177045562,https://inaturalist-open-data.s3.amazonaws.com/photos/307873658/medium.jpg,,,,1,0,FALSE,3,"Île de Montréal, Beaconsfield, QC, CA",45.4389491515,-73.8520559414,6,,,,6,,,FALSE,,,"Beaconsfield, Qc - Défi nature urbaine",Communauté-Urbaine-de-Montréal,Hesperomyces harmoniae,Hesperomyces harmoniae,,Fungi
177254741,3b810df5-8147-4312-a447-1bd128f1db46,2023-07-30 17:38:39,2023-07-30,July,2023,2023-07-30 21:38:39 UTC,Eastern Time (US & Canada),3965236,fernulus,fern!,2023-08-07 22:55:46 UTC,2023-08-07 22:58:52 UTC,needs_id,,https://www.inaturalist.org/observations/177254741,https://static.inaturalist.org/photos/308262404/medium.jpeg,,,,0,0,FALSE,2,Mount Royal,45.5071023299,-73.5874071345,407,,,,407,,,FALSE,gps,gps,,Communauté-Urbaine-de-Montréal,Hesperomyces harmoniae,Hesperomyces harmoniae,,Fungi
180507239,bc73af44-cafa-41da-86fc-5e4ce4efb34b,2023-08-27 12:30:22,2023-08-27,August,2023,2023-08-27 16:30:22 UTC,Eastern Time (US & Canada),7038289,viandemoisie,,2023-08-27 20:13:26 UTC,2024-08-30 22:36:41 UTC,research,CC-BY,https://www.inaturalist.org/observations/180507239,https://static.inaturalist.org/photos/314438470/medium.jpeg,,,,1,0,FALSE,2,"Montréal, QC H4H 1T3, Canada",45.4537161616,-73.5704495385,359,,,,359,,,FALSE,,,,Communauté-Urbaine-de-Montréal,Hesperomyces harmoniae,Hesperomyces harmoniae,,Fungi
188300596,273d4e4f-8dba-499c-a60f-1f7ea4da1a5f,2023-10-20 13:24:50,2023-10-20,October,2023,2023-10-20 17:24:50 UTC,Eastern Time (US & Canada),7330169,carly_buffitt,,2023-10-20 20:48:21 UTC,2023-10-26 11:57:09 UTC,research,CC-BY-NC,https://www.inaturalist.org/observations/188300596,https://inaturalist-open-data.s3.amazonaws.com/photos/329528648/medium.jpeg,,,,1,0,FALSE,2,Dawson College,45.4895697755,-73.5882101208,17,,,,17,,,FALSE,gps,gps,"Westmount, Qc - Défi nature urbaine",Communauté-Urbaine-de-Montréal,Hesperomyces harmoniae,Hesperomyces harmoniae,,Fungi
199724160,07745127-1f30-4983-9130-624154963d07,2022/08/29 11:35,2022-08-29,August,2022,2022-08-29 15:35:00 UTC,Eastern Time (US & Canada),7114873,exploratrice,,2024-02-18 22:02:33 UTC,2024-06-20 19:53:01 UTC,research,CC-BY-NC,https://www.inaturalist.org/observations/199724160,https://inaturalist-open-data.s3.amazonaws.com/photos/352262141/medium.jpeg,,,,1,0,FALSE,,"Marais Magog, QC, Canada",45.2813116874,-72.1713077151,495,,,,495,,,FALSE,,,,Memphrémagog,Hesperomyces harmoniae,Hesperomyces harmoniae,,Fungi
216517091,eed5afc1-c68a-4a98-a5d8-b347f01a2d81,2024-05-18 09:10:14,2024-05-18,May,2024,2024-05-18 13:10:14 UTC,Eastern Time (US & Canada),5893830,laurentdu,Laurent Dufour,2024-05-18 13:24:25 UTC,2024-05-18 13:24:37 UTC,needs_id,CC-BY-NC,https://www.inaturalist.org/observations/216517091,https://inaturalist-open-data.s3.amazonaws.com/photos/382932840/medium.jpeg,,,,0,0,FALSE,2,"Montréal, QC H2V 4K4, Canada",45.5223638889,-73.6011027778,,,,,,,,FALSE,gps,gps,,Communauté-Urbaine-de-Montréal,Hesperomyces harmoniae,Hesperomyces harmoniae,,Fungi
218254816,c41cf717-25dc-4551-9b17-27eac5ebdafe,2024-05-25 10:11:44,2024-05-25,May,2024,2024-05-25 14:11:44 UTC,Eastern Time (US & Canada),7038289,viandemoisie,,2024-05-26 00:35:20 UTC,2024-08-30 22:36:41 UTC,research,CC-BY,https://www.inaturalist.org/observations/218254816,https://static.inaturalist.org/photos/386192602/medium.jpeg,,,,1,0,FALSE,2,"Montréal, QC H3C 4G8, Canada",45.5140969075,-73.5332942382,166,,,,166,,,FALSE,gps,gps,,Communauté-Urbaine-de-Montréal,Hesperomyces harmoniae,Hesperomyces harmoniae,,Fungi
220711395,87361141-d0c5-4a5d-9c41-30959dcc86db,2024-06-04 19:12:35,2024-06-04,June,2024,2024-06-04 23:12:35 UTC,Eastern Time (US & Canada),7038289,viandemoisie,,2024-06-05 16:58:14 UTC,2024-10-21 21:25:33 UTC,research,CC-BY,https://www.inaturalist.org/observations/220711395,https://static.inaturalist.org/photos/390792341/medium.jpeg,,,,0,0,FALSE,2,"LaSalle / 2e Avenue, Montréal, QC H4G 3G2, Canada",45.4571268997,-73.5625090997,,,,,,,,FALSE,,,,Communauté-Urbaine-de-Montréal,Hesperomyces harmoniae,Hesperomyces harmoniae,,Fungi
223882516,fdfb9e15-0f30-43a4-b701-60a8f69f263b,2024/06/16 06:19,2024-06-16,June,2024,2024-06-16 10:19:00 UTC,Eastern Time (US & Canada),6250176,ramenramen,,2024-06-20 00:46:13 UTC,2024-06-20 02:29:31 UTC,needs_id,CC-BY-NC,https://www.inaturalist.org/observations/223882516,https://inaturalist-open-data.s3.amazonaws.com/photos/396726636/medium.jpg,,,,0,0,FALSE,,"Rosemère, QC, Canada",45.6330242598,-73.8126304723,31,,,,31,,,FALSE,,,,Thérèse-De Blainville,Hesperomyces harmoniae,Hesperomyces harmoniae,,Fungi
223976191,abdb02de-e1b2-40ff-9745-dd59614047eb,2024/06/20 06:16,2024-06-20,June,2024,2024-06-20 10:16:00 UTC,Eastern Time (US & Canada),1483784,suelabbe,Suzanne Labbé,2024-06-20 14:08:48 UTC,2024-06-20 15:06:08 UTC,research,CC-BY-NC,https://www.inaturalist.org/observations/223976191,https://inaturalist-open-data.s3.amazonaws.com/photos/396905034/medium.jpg,,,,1,0,FALSE,,"Saint-Bruno-de-Montarville, QC, Canada",45.5198843565,-73.3427330472,15,,,,15,,,FALSE,,,,La Vallée-du-Richelieu,Hesperomyces harmoniae,Hesperomyces harmoniae,,Fungi
224047855,63a32172-6387-4060-893c-7537ea84511e,2022/06/24,2022-06-24,June,2022,,Eastern Time (US & Canada),1442912,krisskinou,Christian Grenier,2024-06-20 20:07:46 UTC,2024-08-16 15:41:47 UTC,research,CC-BY-NC,https://www.inaturalist.org/observations/224047855,https://inaturalist-open-data.s3.amazonaws.com/photos/255932325/medium.jpeg,,,,1,0,FALSE,,"Quartier 5-1, Québec, QC, Canada",46.9268741782,-71.1910409928,4,,,,4,,,FALSE,,,,Communauté-Urbaine-de-Québec,Hesperomyces harmoniae,Hesperomyces harmoniae,,Fungi
224058386,95b4981e-833b-42fc-b9f4-6e2d9692a4c2,2023/08/02,2023-08-02,August,2023,,Eastern Time (US & Canada),1442912,krisskinou,Christian Grenier,2024-06-20 21:05:40 UTC,2024-10-02 22:42:48 UTC,research,CC-BY-NC,https://www.inaturalist.org/observations/224058386,https://inaturalist-open-data.s3.amazonaws.com/photos/355447371/medium.jpeg,,,,1,0,FALSE,,"Neufchâtel, Québec, QC, Canada",46.8489077676,-71.2808553925,15,,,,15,,,FALSE,,,,Communauté-Urbaine-de-Québec,Hesperomyces harmoniae,Hesperomyces harmoniae,,Fungi
224059122,cedada8f-7eaf-4054-a407-7d001aeb9b80,2021/08/20,2021-08-20,August,2021,,Eastern Time (US & Canada),1442912,krisskinou,Christian Grenier,2024-06-20 21:10:46 UTC,2024-10-02 22:43:05 UTC,research,CC-BY-NC,https://www.inaturalist.org/observations/224059122,https://inaturalist-open-data.s3.amazonaws.com/photos/179004309/medium.jpeg,,,,1,0,FALSE,,"Jésuites, Québec, QC, Canada",46.8514683386,-71.2488743999,2,,,,2,,,FALSE,,,,Communauté-Urbaine-de-Québec,Hesperomyces harmoniae,Hesperomyces harmoniae,,Fungi
224062258,9b5ef226-2f93-4369-a5c8-a39fa1e6da3c,2022/09/21,2022-09-21,September,2022,,Eastern Time (US & Canada),1442912,krisskinou,Christian Grenier,2024-06-20 21:29:56 UTC,2024-10-21 21:30:26 UTC,research,CC-BY-NC,https://www.inaturalist.org/observations/224062258,https://inaturalist-open-data.s3.amazonaws.com/photos/244239161/medium.jpeg,,,,0,0,FALSE,,"Maizerets, Québec, QC G1J, Canada",46.8330744565,-71.2146008919,15,,,,15,,,FALSE,,,,Communauté-Urbaine-de-Québec,Hesperomyces harmoniae,Hesperomyces harmoniae,,Fungi
229836067,a4df2301-ce53-4d2f-824d-89e1f57d76b7,2024/07/13 12:09 AM,2024-07-13,July,2024,2024-07-13 04:09:00 UTC,Eastern Time (US & Canada),785045,josh_vandermeulen,Josh Vandermeulen,2024-07-17 04:06:31 UTC,2024-07-17 10:23:50 UTC,research,CC-BY-NC-ND,https://www.inaturalist.org/observations/229836067,https://inaturalist-open-data.s3.amazonaws.com/photos/407987723/medium.jpg,,,,1,0,FALSE,,"Outaouais, QC, Canada",45.6469247556,-75.6774204922,35,,,,35,,,FALSE,,,,Les Collines-de-l'Outaouais,Hesperomyces harmoniae,Hesperomyces harmoniae,,Fungi
230336397,bfd08c39-5ddf-4bde-a74a-610fc1563dda,2024-07-19 11:37:58,2024-07-19,July,2024,2024-07-19 15:37:58 UTC,Eastern Time (US & Canada),2199735,mariepierrel,Marie-Pierre Langlois,2024-07-19 18:00:45 UTC,2024-10-21 21:39:37 UTC,research,,https://www.inaturalist.org/observations/230336397,https://static.inaturalist.org/photos/408972096/medium.jpeg,,,,0,0,FALSE,2,"Repentigny, QC J6A 2T4, Canada",45.7368983333,-73.4454316667,,,,,,,,FALSE,gps,gps,,L'Assomption,Hesperomyces harmoniae,Hesperomyces harmoniae,,Fungi
232708433,85153695-ed8b-49c3-a9b6-ce52a9033ec3,2024/07/29 7:10 PM,2024-07-29,July,2024,2024-07-29 23:10:00 UTC,Eastern Time (US & Canada),2563501,kcollin,Katherine Collin,2024-07-30 15:27:48 UTC,2024-07-30 16:29:04 UTC,research,CC-BY,https://www.inaturalist.org/observations/232708433,https://inaturalist-open-data.s3.amazonaws.com/photos/413461701/medium.jpeg,,,,1,0,FALSE,,"Dorval, QC, Canada",45.4760722222,-73.773775,,,,,,,,FALSE,,,,Communauté-Urbaine-de-Montréal,Hesperomyces harmoniae,Hesperomyces harmoniae,,Fungi
234749479,e4a8749c-3283-4dae-829c-6031f1a50868,2024/08/04 11:51 AM,2024-08-04,August,2024,2024-08-04 15:51:00 UTC,Eastern Time (US & Canada),3246228,alisonnetta,,2024-08-09 19:57:50 UTC,2024-10-02 22:45:09 UTC,research,CC-BY-NC,https://www.inaturalist.org/observations/234749479,https://inaturalist-open-data.s3.amazonaws.com/photos/417379054/medium.jpg,,,On Japanese knotweed.  Seems to have fungus on the elytra.  ,1,0,FALSE,,"Dorval Island, QC, Canada",45.4328078627,-73.7415539207,39,,,,39,,,FALSE,,,"L'Île-Dorval, Qc - Défi nature urbaine",Communauté-Urbaine-de-Montréal,Hesperomyces harmoniae,Hesperomyces harmoniae,,Fungi
239319000,136f9c41-d059-4d5d-a54e-6243fa25a398,2024-08-27 18:42:38-04:00,2024-08-27,August,2024,2024-08-27 22:42:38 UTC,Eastern Time (US & Canada),491280,biogil,,2024-09-02 02:32:02 UTC,2024-09-02 04:26:58 UTC,research,CC-BY-NC,https://www.inaturalist.org/observations/239319000,https://inaturalist-open-data.s3.amazonaws.com/photos/426209909/medium.jpeg,,,,1,0,FALSE,3,"Ch Tamaracouta, Mille-Isles, QC, CA",45.8111083333,-74.1876616667,5,,,,5,,,FALSE,,,,Argenteuil,Hesperomyces harmoniae,Hesperomyces harmoniae,,Fungi
246211424,5af43a6f-52e3-4b1e-bc58-c0c4de62cacb,2024/08/16 12:25 PM,2024-08-16,August,2024,2024-08-16 16:25:00 UTC,Eastern Time (US & Canada),2525734,danamihaimileazachi,,2024-10-07 19:53:19 UTC,2024-10-21 21:13:45 UTC,needs_id,CC-BY-NC,https://www.inaturalist.org/observations/246211424,https://inaturalist-open-data.s3.amazonaws.com/photos/439494925/medium.jpg,,,,1,0,FALSE,,"Chutes-Montmorency, Québec City, QC, Canada",46.9016827139,-71.1707876056,,,,,,,,FALSE,,,,La Côte-de-Beaupré,Hesperomyces harmoniae,Hesperomyces harmoniae,,Fungi
248347904,0f9206c0-caf3-4083-911e-e9f2e1a659bb,2024-10-20 14:26:43,2024-10-20,October,2024,2024-10-20 18:26:43 UTC,Eastern Time (US & Canada),5906502,myrpep,Myriam Pepin,2024-10-20 21:26:45 UTC,2024-10-21 21:04:31 UTC,research,CC-BY-NC-ND,https://www.inaturalist.org/observations/248347904,https://inaturalist-open-data.s3.amazonaws.com/photos/443719944/medium.jpeg,,,This observation is for the hesperomyces harmoniae ,0,0,FALSE,2,"Québec, CA",45.5620510905,-75.4937534002,4505,,,,27158,obscured,,TRUE,,,,Les Collines-de-l'Outaouais,Hesperomyces harmoniae,Hesperomyces harmoniae,,Fungi
261260238,84ae4f2e-a18a-4af7-a874-d16d293c5043,2024/07/05 22:51,2024-07-05,July,2024,2024-07-06 02:51:00 UTC,Eastern Time (US & Canada),1420753,alainhogue,Alain Hogue,2025-02-10 16:59:33 UTC,2025-02-10 17:06:30 UTC,research,,https://www.inaturalist.org/observations/261260238,https://static.inaturalist.org/photos/469334163/medium.jpg,,,,0,0,FALSE,,"Harrington, QC, Canada",45.84517,-74.72413,,,,,,,,FALSE,,,,Argenteuil,Hesperomyces harmoniae,Hesperomyces harmoniae,,Fungi