"observed_on","url","latitude","longitude","scientific_name","Year","Month"
2009-06-05,"https://www.inaturalist.org/observations/105049134",46.3990477588,-72.6608518492,"New_observation_inat","2009","June"
2011-08-14,"https://www.inaturalist.org/observations/104057195",45.319914869,-72.222603988,"New_observation_inat","2011","August"
2014-08-04,"https://www.inaturalist.org/observations/51045500",45.4309406623,-73.7406097831,"New_observation_inat","2014","August"
2015-07-21,"https://www.inaturalist.org/observations/9659723",46.014012,-73.4177961,"New_observation_inat","2015","July"
2018-08-07,"https://www.inaturalist.org/observations/135441655",45.2632113374,-72.1467073625,"New_observation_inat","2018","August"
2018-08-19,"https://www.inaturalist.org/observations/197756967",45.5936701498,-73.5680714725,"New_observation_inat","2018","August"
2018-08-29,"https://www.inaturalist.org/observations/16213602",45.4777052249,-73.8276868747,"New_observation_inat","2018","August"
2019-02-26,"https://www.inaturalist.org/observations/20792318",45.310749752,-73.223300522,"New_observation_inat","2019","February"
2019-04-17,"https://www.inaturalist.org/observations/22622516",45.5050253175,-73.5780523251,"New_observation_inat","2019","April"
2019-08-15,"https://www.inaturalist.org/observations/131526431",45.4061737059,-73.9350671995,"New_observation_inat","2019","August"
2019-08-15,"https://www.inaturalist.org/observations/131526432",45.4061737059,-73.9350671995,"New_observation_inat","2019","August"
2019-08-31,"https://www.inaturalist.org/observations/31870689",45.3911111111,-75.8513888889,"New_observation_inat","2019","August"
2019-09-13,"https://www.inaturalist.org/observations/32645383",45.36498037,-71.84870252,"New_observation_inat","2019","September"
2019-10-21,"https://www.inaturalist.org/observations/34700703",45.36598752,-71.84754235,"New_observation_inat","2019","October"
2019-10-22,"https://www.inaturalist.org/observations/34750769",45.36641166,-71.84865376,"New_observation_inat","2019","October"
2019-10-28,"https://www.inaturalist.org/observations/35017542",45.36602329,-71.8496969,"New_observation_inat","2019","October"
2020-06-22,"https://www.inaturalist.org/observations/50628266",45.5047730556,-73.5839263889,"New_observation_inat","2020","June"
2020-07-16,"https://www.inaturalist.org/observations/53392436",46.8781461606,-71.2195019097,"New_observation_inat","2020","July"
2020-07-19,"https://www.inaturalist.org/observations/53684357",45.4048151828,-73.9367263019,"New_observation_inat","2020","July"
2020-08-07,"https://www.inaturalist.org/observations/55751810",45.7156349,-73.6467172,"New_observation_inat","2020","August"
2020-08-09,"https://www.inaturalist.org/observations/57925585",45.6744768853,-75.6632052483,"New_observation_inat","2020","August"
2020-08-10,"https://www.inaturalist.org/observations/56129286",45.6180115917,-73.5499990823,"New_observation_inat","2020","August"
2020-08-12,"https://www.inaturalist.org/observations/57584005",45.451195,-73.81006667,"New_observation_inat","2020","August"
2020-08-15,"https://www.inaturalist.org/observations/56541047",45.5098739831,-73.5326225896,"New_observation_inat","2020","August"
2020-08-15,"https://www.inaturalist.org/observations/104890186",45.3281859771,-72.1938231433,"New_observation_inat","2020","August"
2020-09-03,"https://www.inaturalist.org/observations/58421144",45.4637419089,-74.2705855434,"New_observation_inat","2020","September"
2020-09-05,"https://www.inaturalist.org/observations/58647337",45.2889366667,-73.2629244444,"New_observation_inat","2020","September"
2020-09-12,"https://www.inaturalist.org/observations/60005413",45.477422,-73.575278,"New_observation_inat","2020","September"
2020-09-26,"https://www.inaturalist.org/observations/60863870",45.36490063,-71.84861278,"New_observation_inat","2020","September"
2020-09-26,"https://www.inaturalist.org/observations/60864251",45.36486971,-71.84849683,"New_observation_inat","2020","September"
2020-09-28,"https://www.inaturalist.org/observations/61132984",45.36529295,-71.84933155,"New_observation_inat","2020","September"
2020-09-28,"https://www.inaturalist.org/observations/61140131",45.3922938745,-75.7994212832,"New_observation_inat","2020","September"
2020-10-10,"https://www.inaturalist.org/observations/62203725",45.4762166667,-73.4015416667,"New_observation_inat","2020","October"
2020-10-23,"https://www.inaturalist.org/observations/63399213",45.5055908527,-73.3955336199,"New_observation_inat","2020","October"
2020-11-07,"https://www.inaturalist.org/observations/64483204",45.6956828125,-73.4955357627,"New_observation_inat","2020","November"
2020-11-07,"https://www.inaturalist.org/observations/64484123",45.6956828125,-73.4955357627,"New_observation_inat","2020","November"
2021-05-09,"https://www.inaturalist.org/observations/78107731",47.4092166667,-70.5436383333,"New_observation_inat","2021","May"
2021-05-29,"https://www.inaturalist.org/observations/80801693",45.4398731223,-73.6043735418,"New_observation_inat","2021","May"
2021-05-29,"https://www.inaturalist.org/observations/80931990",45.465214738,-73.7988739657,"New_observation_inat","2021","May"
2021-06-07,"https://www.inaturalist.org/observations/82239405",46.9089941565,-71.2263063818,"New_observation_inat","2021","June"
2021-06-09,"https://www.inaturalist.org/observations/82418154",46.4714969903,-72.5375553221,"New_observation_inat","2021","June"
2021-06-11,"https://www.inaturalist.org/observations/82605332",45.6042280556,-73.7975330556,"New_observation_inat","2021","June"
2021-06-11,"https://www.inaturalist.org/observations/82617758",45.4417540074,-73.6112606898,"New_observation_inat","2021","June"
2021-06-17,"https://www.inaturalist.org/observations/86187873",47.0007861111,-71.3048944444,"New_observation_inat","2021","June"
2021-06-20,"https://www.inaturalist.org/observations/83880982",45.4201019722,-73.49934,"New_observation_inat","2021","June"
2021-06-20,"https://www.inaturalist.org/observations/84003686",46.3773929905,-73.1479429454,"New_observation_inat","2021","June"
2021-06-28,"https://www.inaturalist.org/observations/85335190",45.09747217,-71.59217833,"New_observation_inat","2021","June"
2021-06-28,"https://www.inaturalist.org/observations/261490951",46.7844141171,-71.2701426029,"New_observation_inat","2021","June"
2021-07-03,"https://www.inaturalist.org/observations/85545056",46.51,-73.2119444444,"New_observation_inat","2021","July"
2021-07-04,"https://www.inaturalist.org/observations/85711615",45.3137907168,-73.2518269122,"New_observation_inat","2021","July"
2021-07-07,"https://www.inaturalist.org/observations/86051114",45.0974845756,-74.3726899037,"New_observation_inat","2021","July"
2021-07-07,"https://www.inaturalist.org/observations/86125107",45.0976669187,-74.3728967384,"New_observation_inat","2021","July"
2021-07-17,"https://www.inaturalist.org/observations/87936317",45.5283590091,-74.2112459049,"New_observation_inat","2021","July"
2021-07-27,"https://www.inaturalist.org/observations/88832831",45.5530051372,-73.3504926413,"New_observation_inat","2021","July"
2021-07-30,"https://www.inaturalist.org/observations/89189747",45.1541653009,-72.9866802062,"New_observation_inat","2021","July"
2021-07-30,"https://www.inaturalist.org/observations/89252537",45.4430821632,-73.6069081351,"New_observation_inat","2021","July"
2021-07-31,"https://www.inaturalist.org/observations/89907586",45.5945674733,-75.0927331674,"New_observation_inat","2021","July"
2021-08-01,"https://www.inaturalist.org/observations/89486011",45.4271278381,-73.1621627808,"New_observation_inat","2021","August"
2021-08-04,"https://www.inaturalist.org/observations/89980510",45.3358277708,-72.9136771336,"New_observation_inat","2021","August"
2021-08-06,"https://www.inaturalist.org/observations/261189900",46.7844141171,-71.2701426029,"New_observation_inat","2021","August"
2021-08-08,"https://www.inaturalist.org/observations/91844378",45.3835252627,-73.3696196065,"New_observation_inat","2021","August"
2021-08-10,"https://www.inaturalist.org/observations/90764836",46.71780675,-71.5294418333,"New_observation_inat","2021","August"
2021-08-13,"https://www.inaturalist.org/observations/91054791",45.5121307373,-73.5623474121,"New_observation_inat","2021","August"
2021-08-23,"https://www.inaturalist.org/observations/92530918",47.5064716365,-69.9592727359,"New_observation_inat","2021","August"
2021-08-27,"https://www.inaturalist.org/observations/93879776",45.5155555556,-73.5197222222,"New_observation_inat","2021","August"
2021-08-27,"https://www.inaturalist.org/observations/95954040",45.5454287624,-75.4375199582,"New_observation_inat","2021","August"
2021-09-03,"https://www.inaturalist.org/observations/93489767",45.5159785049,-73.6753963307,"New_observation_inat","2021","September"
2021-09-12,"https://www.inaturalist.org/observations/94627699",45.6927451808,-73.4969090537,"New_observation_inat","2021","September"
2021-09-15,"https://www.inaturalist.org/observations/95322014",45.5072337172,-73.5888151141,"New_observation_inat","2021","September"
2021-10-09,"https://www.inaturalist.org/observations/98061284",45.6927451808,-73.4969090537,"New_observation_inat","2021","October"
2021-10-12,"https://www.inaturalist.org/observations/98077287",45.3974916667,-73.47915,"New_observation_inat","2021","October"
2021-10-12,"https://www.inaturalist.org/observations/98971500",48.3509166667,-70.729295,"New_observation_inat","2021","October"
2021-10-12,"https://www.inaturalist.org/observations/101921582",45.5593729199,-73.5569922247,"New_observation_inat","2021","October"
2021-10-12,"https://www.inaturalist.org/observations/198310935",45.4271028771,-73.5926472323,"New_observation_inat","2021","October"
2021-11-22,"https://www.inaturalist.org/observations/101738262",45.3812102997,-73.5514172997,"New_observation_inat","2021","November"
2022-01-05,"https://www.inaturalist.org/observations/105077433",47.3948664313,-69.9486778061,"New_observation_inat","2022","January"
2022-04-25,"https://www.inaturalist.org/observations/113230634",45.5144533333,-73.67633,"New_observation_inat","2022","April"
2022-04-29,"https://www.inaturalist.org/observations/113469609",45.4579617124,-73.6405064809,"New_observation_inat","2022","April"
2022-04-29,"https://www.inaturalist.org/observations/113474682",45.4451334267,-75.922777172,"New_observation_inat","2022","April"
2022-05-01,"https://www.inaturalist.org/observations/114289299",45.5800599,-73.8699938,"New_observation_inat","2022","May"
2022-05-01,"https://www.inaturalist.org/observations/114289658",45.5801278889,-73.8688797778,"New_observation_inat","2022","May"
2022-05-14,"https://www.inaturalist.org/observations/117140255",45.8940717,-74.157934,"New_observation_inat","2022","May"
2022-05-14,"https://www.inaturalist.org/observations/117388621",47.0641515393,-70.7963782176,"New_observation_inat","2022","May"
2022-05-30,"https://www.inaturalist.org/observations/144300683",45.0295577183,-73.0677626386,"New_observation_inat","2022","May"
2022-06-01,"https://www.inaturalist.org/observations/119813619",46.7812735184,-71.278919352,"New_observation_inat","2022","June"
2022-06-06,"https://www.inaturalist.org/observations/120516034",45.6583166667,-73.7746666667,"New_observation_inat","2022","June"
2022-06-06,"https://www.inaturalist.org/observations/120658633",46.7497438765,-71.3181882846,"New_observation_inat","2022","June"
2022-06-06,"https://www.inaturalist.org/observations/120660989",46.7859652828,-71.2399044089,"New_observation_inat","2022","June"
2022-06-13,"https://www.inaturalist.org/observations/121670146",45.5111539109,-73.5893424785,"New_observation_inat","2022","June"
2022-06-14,"https://www.inaturalist.org/observations/122393651",45.5609711997,-73.5577011997,"New_observation_inat","2022","June"
2022-06-15,"https://www.inaturalist.org/observations/121947734",45.0469926741,-73.0763532028,"New_observation_inat","2022","June"
2022-06-16,"https://www.inaturalist.org/observations/124383116",46.6266033333,-71.98826,"New_observation_inat","2022","June"
2022-06-17,"https://www.inaturalist.org/observations/122230311",48.3431283333,-69.39975,"New_observation_inat","2022","June"
2022-06-19,"https://www.inaturalist.org/observations/152095269",45.5437083333,-73.6900033333,"New_observation_inat","2022","June"
2022-06-20,"https://www.inaturalist.org/observations/122685673",45.6902166667,-73.7743416667,"New_observation_inat","2022","June"
2022-06-20,"https://www.inaturalist.org/observations/124193761",45.7788183333,-72.00864,"New_observation_inat","2022","June"
2022-06-24,"https://www.inaturalist.org/observations/148600504",46.9261232052,-71.192593303,"New_observation_inat","2022","June"
2022-06-29,"https://www.inaturalist.org/observations/123966342",45.041049288,-72.8210265934,"New_observation_inat","2022","June"
2022-07-06,"https://www.inaturalist.org/observations/125099330",46.774683623,-71.3213210791,"New_observation_inat","2022","July"
2022-07-08,"https://www.inaturalist.org/observations/135957688",45.5018566487,-73.5672560334,"New_observation_inat","2022","July"
2022-07-13,"https://www.inaturalist.org/observations/126102910",45.3740980294,-73.8608031296,"New_observation_inat","2022","July"
2022-07-16,"https://www.inaturalist.org/observations/126584763",45.5231383333,-73.567475,"New_observation_inat","2022","July"
2022-07-19,"https://www.inaturalist.org/observations/127108644",46.9089941565,-71.2263063818,"New_observation_inat","2022","July"
2022-07-22,"https://www.inaturalist.org/observations/127407120",45.52465,-75.744605,"New_observation_inat","2022","July"
2022-07-24,"https://www.inaturalist.org/observations/127838604",45.6036279,-73.7983069,"New_observation_inat","2022","July"
2022-07-28,"https://www.inaturalist.org/observations/128410683",45.562108544,-73.5607829361,"New_observation_inat","2022","July"
2022-07-29,"https://www.inaturalist.org/observations/128527712",46.19589129,-70.83522313,"New_observation_inat","2022","July"
2022-07-29,"https://www.inaturalist.org/observations/128541213",45.4561194444,-73.5544055556,"New_observation_inat","2022","July"
2022-07-30,"https://www.inaturalist.org/observations/128643907",45.4201783333,-73.9687283333,"New_observation_inat","2022","July"
2022-07-30,"https://www.inaturalist.org/observations/128698548",45.4157138151,-73.9137820155,"New_observation_inat","2022","July"
2022-07-30,"https://www.inaturalist.org/observations/128816760",45.0744775828,-74.1858559895,"New_observation_inat","2022","July"
2022-07-30,"https://www.inaturalist.org/observations/128889625",45.4772336633,-75.6551619209,"New_observation_inat","2022","July"
2022-07-30,"https://www.inaturalist.org/observations/129443880",48.359269977,-68.7975433508,"New_observation_inat","2022","July"
2022-07-31,"https://www.inaturalist.org/observations/128782498",45.3568883333,-72.2603616667,"New_observation_inat","2022","July"
2022-07-31,"https://www.inaturalist.org/observations/128864283",45.5612585796,-73.5337907821,"New_observation_inat","2022","July"
2022-08-01,"https://www.inaturalist.org/observations/128980447",45.4140853143,-73.9250515123,"New_observation_inat","2022","August"
2022-08-03,"https://www.inaturalist.org/observations/129274004",45.4712228641,-73.9321081641,"New_observation_inat","2022","August"
2022-08-08,"https://www.inaturalist.org/observations/130022332",45.4803178663,-72.5328820476,"New_observation_inat","2022","August"
2022-08-11,"https://www.inaturalist.org/observations/130415158",46.7545137603,-71.2561839513,"New_observation_inat","2022","August"
2022-08-12,"https://www.inaturalist.org/observations/130481879",45.5046246889,-73.5820071794,"New_observation_inat","2022","August"
2022-08-14,"https://www.inaturalist.org/observations/130882098",45.5244416667,-75.745025,"New_observation_inat","2022","August"
2022-08-15,"https://www.inaturalist.org/observations/131016321",45.865674,-74.0721,"New_observation_inat","2022","August"
2022-08-16,"https://www.inaturalist.org/observations/131061519",45.4226226807,-73.9361343384,"New_observation_inat","2022","August"
2022-08-18,"https://www.inaturalist.org/observations/135867252",45.638974,-73.785008,"New_observation_inat","2022","August"
2022-08-20,"https://www.inaturalist.org/observations/131602026",46.7473698084,-71.7041554635,"New_observation_inat","2022","August"
2022-08-20,"https://www.inaturalist.org/observations/131885563",47.4858666667,-70.0213305,"New_observation_inat","2022","August"
2022-08-21,"https://www.inaturalist.org/observations/212112292",46.809025,-71.2130666667,"New_observation_inat","2022","August"
2022-08-22,"https://www.inaturalist.org/observations/132876660",47.2980585923,-79.4292991676,"New_observation_inat","2022","August"
2022-08-28,"https://www.inaturalist.org/observations/132681021",45.5271333333,-73.5799716667,"New_observation_inat","2022","August"
2022-09-06,"https://www.inaturalist.org/observations/133937545",45.36218612,-71.84465548,"New_observation_inat","2022","September"
2022-09-06,"https://www.inaturalist.org/observations/133939620",45.3622162,-71.8441556,"New_observation_inat","2022","September"
2022-09-09,"https://www.inaturalist.org/observations/143771739",45.5087391152,-73.5700683468,"New_observation_inat","2022","September"
2022-10-06,"https://www.inaturalist.org/observations/137890418",45.5640869141,-73.5685577393,"New_observation_inat","2022","October"
2022-10-22,"https://www.inaturalist.org/observations/139669583",45.4873456562,-73.5888615178,"New_observation_inat","2022","October"
2022-10-22,"https://www.inaturalist.org/observations/139913411",45.6028042282,-73.9537644701,"New_observation_inat","2022","October"
2022-10-22,"https://www.inaturalist.org/observations/140980239",46.8507309283,-71.2538531984,"New_observation_inat","2022","October"
2022-10-28,"https://www.inaturalist.org/observations/140334521",45.5069608787,-73.628956899,"New_observation_inat","2022","October"
2022-11-08,"https://www.inaturalist.org/observations/151478487",45.4529429368,-73.2672973784,"New_observation_inat","2022","November"
2022-11-18,"https://www.inaturalist.org/observations/142365680",45.8023054528,-71.9121310667,"New_observation_inat","2022","November"
2023-05-06,"https://www.inaturalist.org/observations/160216557",45.4891209,-73.5885403236,"New_observation_inat","2023","May"
2023-05-08,"https://www.inaturalist.org/observations/160756656",45.6927451808,-73.4969090537,"New_observation_inat","2023","May"
2023-05-28,"https://www.inaturalist.org/observations/164324782",45.5123576455,-73.5279856585,"New_observation_inat","2023","May"
2023-05-31,"https://www.inaturalist.org/observations/164878737",45.4681994768,-75.6718083057,"New_observation_inat","2023","May"
2023-06-11,"https://www.inaturalist.org/observations/166818600",45.4736781758,-73.7595978824,"New_observation_inat","2023","June"
2023-06-11,"https://www.inaturalist.org/observations/169867072",45.6054313047,-73.7595291926,"New_observation_inat","2023","June"
2023-06-19,"https://www.inaturalist.org/observations/168337042",45.4273015298,-75.7835629955,"New_observation_inat","2023","June"
2023-06-29,"https://www.inaturalist.org/observations/170191283",45.6927451808,-73.4969090537,"New_observation_inat","2023","June"
2023-06-30,"https://www.inaturalist.org/observations/170338859",45.600247354,-73.7159871594,"New_observation_inat","2023","June"
2023-07-02,"https://www.inaturalist.org/observations/170821388",45.403203,-71.895624,"New_observation_inat","2023","July"
2023-07-05,"https://www.inaturalist.org/observations/171292401",45.0267333333,-72.9913416667,"New_observation_inat","2023","July"
2023-07-10,"https://www.inaturalist.org/observations/172275432",45.4352164991,-75.6774923823,"New_observation_inat","2023","July"
2023-07-11,"https://www.inaturalist.org/observations/173202764",45.1558028333,-72.2473133333,"New_observation_inat","2023","July"
2023-07-12,"https://www.inaturalist.org/observations/172545224",45.422262156,-75.8264401424,"New_observation_inat","2023","July"
2023-07-12,"https://www.inaturalist.org/observations/172735130",45.4514145332,-73.4619102627,"New_observation_inat","2023","July"
2023-07-14,"https://www.inaturalist.org/observations/172883059",45.5050496076,-73.5477399454,"New_observation_inat","2023","July"
2023-07-16,"https://www.inaturalist.org/observations/194303779",45.6816163654,-76.1911935917,"New_observation_inat","2023","July"
2023-07-18,"https://www.inaturalist.org/observations/173623546",45.5050230552,-73.5479518399,"New_observation_inat","2023","July"
2023-07-19,"https://www.inaturalist.org/observations/174212086",45.5196590886,-73.6489072291,"New_observation_inat","2023","July"
2023-07-22,"https://www.inaturalist.org/observations/174591015",45.5943697774,-73.5682752237,"New_observation_inat","2023","July"
2023-07-22,"https://www.inaturalist.org/observations/176526645",45.4751516496,-73.5970691219,"New_observation_inat","2023","July"
2023-07-24,"https://www.inaturalist.org/observations/174802299",45.3934609366,-75.8036959916,"New_observation_inat","2023","July"
2023-07-24,"https://www.inaturalist.org/observations/175807375",45.5453965,-73.6299428,"New_observation_inat","2023","July"
2023-07-29,"https://www.inaturalist.org/observations/175750693",46.7844141171,-71.2701426029,"New_observation_inat","2023","July"
2023-07-30,"https://www.inaturalist.org/observations/175833912",45.3012723925,-74.1828925614,"New_observation_inat","2023","July"
2023-07-31,"https://www.inaturalist.org/observations/175977235",45.5829490428,-73.2376195863,"New_observation_inat","2023","July"
2023-07-31,"https://www.inaturalist.org/observations/176017195",45.4645095416,-74.0423613075,"New_observation_inat","2023","July"
2023-07-31,"https://www.inaturalist.org/observations/176023769",45.6619567871,-74.3316574097,"New_observation_inat","2023","July"
2023-08-01,"https://www.inaturalist.org/observations/176139805",45.4718469096,-74.199846953,"New_observation_inat","2023","August"
2023-08-02,"https://www.inaturalist.org/observations/176356458",45.4437787517,-73.815280025,"New_observation_inat","2023","August"
2023-08-02,"https://www.inaturalist.org/observations/176364282",45.6229216667,-72.969925,"New_observation_inat","2023","August"
2023-08-02,"https://www.inaturalist.org/observations/176433882",46.3959666362,-72.5178390537,"New_observation_inat","2023","August"
2023-08-02,"https://www.inaturalist.org/observations/176515056",45.3791746055,-73.5644913465,"New_observation_inat","2023","August"
2023-08-02,"https://www.inaturalist.org/observations/176656301",45.2903877278,-72.2260637529,"New_observation_inat","2023","August"
2023-08-02,"https://www.inaturalist.org/observations/180431529",45.4538847844,-73.5535398897,"New_observation_inat","2023","August"
2023-08-03,"https://www.inaturalist.org/observations/176477722",45.7546333486,-72.0673394165,"New_observation_inat","2023","August"
2023-08-04,"https://www.inaturalist.org/observations/176584269",45.5386661927,-73.6134859174,"New_observation_inat","2023","August"
2023-08-04,"https://www.inaturalist.org/observations/176683291",45.5234716667,-73.5921033333,"New_observation_inat","2023","August"
2023-08-04,"https://www.inaturalist.org/observations/176888914",45.5363937094,-73.4340158503,"New_observation_inat","2023","August"
2023-08-04,"https://www.inaturalist.org/observations/177028116",45.4777416667,-73.7637466667,"New_observation_inat","2023","August"
2023-08-04,"https://www.inaturalist.org/observations/177357807",45.54175,-73.4374166667,"New_observation_inat","2023","August"
2023-08-05,"https://www.inaturalist.org/observations/176797532",45.471201682,-74.1897405983,"New_observation_inat","2023","August"
2023-08-05,"https://www.inaturalist.org/observations/176872352",45.562932597,-73.6366477783,"New_observation_inat","2023","August"
2023-08-05,"https://www.inaturalist.org/observations/176994792",46.7844141171,-71.2701426029,"New_observation_inat","2023","August"
2023-08-05,"https://www.inaturalist.org/observations/177217647",45.5317821,-73.9045263997,"New_observation_inat","2023","August"
2023-08-06,"https://www.inaturalist.org/observations/177021064",46.033639584,-73.6914771192,"New_observation_inat","2023","August"
2023-08-06,"https://www.inaturalist.org/observations/177252843",46.841645,-70.9277416667,"New_observation_inat","2023","August"
2023-08-06,"https://www.inaturalist.org/observations/177344560",45.2435029,-72.454758,"New_observation_inat","2023","August"
2023-08-07,"https://www.inaturalist.org/observations/177267280",46.7811972222,-71.2786944444,"New_observation_inat","2023","August"
2023-08-08,"https://www.inaturalist.org/observations/177422431",45.4350489722,-73.864868,"New_observation_inat","2023","August"
2023-08-08,"https://www.inaturalist.org/observations/177449802",45.5085102655,-73.5773532023,"New_observation_inat","2023","August"
2023-08-10,"https://www.inaturalist.org/observations/177757751",46.7881374722,-71.1832711944,"New_observation_inat","2023","August"
2023-08-12,"https://www.inaturalist.org/observations/178158380",45.4555664277,-73.5535858065,"New_observation_inat","2023","August"
2023-08-14,"https://www.inaturalist.org/observations/178707843",45.5085533333,-73.5691966667,"New_observation_inat","2023","August"
2023-08-14,"https://www.inaturalist.org/observations/178982669",45.469909387,-74.0525668697,"New_observation_inat","2023","August"
2023-08-16,"https://www.inaturalist.org/observations/178754652",45.6049963832,-73.6269283947,"New_observation_inat","2023","August"
2023-08-17,"https://www.inaturalist.org/observations/179501710",45.2967202,-73.3511191,"New_observation_inat","2023","August"
2023-08-19,"https://www.inaturalist.org/observations/179751979",45.5941171176,-73.5090799257,"New_observation_inat","2023","August"
2023-08-19,"https://www.inaturalist.org/observations/252173703",46.72326092,-71.30237179,"New_observation_inat","2023","August"
2023-08-20,"https://www.inaturalist.org/observations/179467561",45.5459623145,-73.3413069565,"New_observation_inat","2023","August"
2023-08-20,"https://www.inaturalist.org/observations/180206792",45.4251017046,-73.5932088009,"New_observation_inat","2023","August"
2023-08-20,"https://www.inaturalist.org/observations/191040567",45.2266689196,-72.501766228,"New_observation_inat","2023","August"
2023-08-22,"https://www.inaturalist.org/observations/179759542",45.5151884094,-73.6736714521,"New_observation_inat","2023","August"
2023-08-23,"https://www.inaturalist.org/observations/179809884",45.539159,-75.81429,"New_observation_inat","2023","August"
2023-08-24,"https://www.inaturalist.org/observations/179982085",45.6477916667,-73.4446166667,"New_observation_inat","2023","August"
2023-08-24,"https://www.inaturalist.org/observations/180038282",45.48914249,-73.58944361,"New_observation_inat","2023","August"
2023-08-26,"https://www.inaturalist.org/observations/180599767",45.2804083333,-74.145325,"New_observation_inat","2023","August"
2023-08-26,"https://www.inaturalist.org/observations/180858884",45.5943730413,-73.5682513385,"New_observation_inat","2023","August"
2023-08-31,"https://www.inaturalist.org/observations/181072807",45.51509302,-73.672945,"New_observation_inat","2023","August"
2023-08-31,"https://www.inaturalist.org/observations/181073761",45.5153399846,-73.6734622066,"New_observation_inat","2023","August"
2023-08-31,"https://www.inaturalist.org/observations/181087483",45.5153283333,-73.6733466667,"New_observation_inat","2023","August"
2023-08-31,"https://www.inaturalist.org/observations/181235516",45.5154,-73.673395,"New_observation_inat","2023","August"
2023-09-01,"https://www.inaturalist.org/observations/181242058",45.54175907,-73.153129751,"New_observation_inat","2023","September"
2023-09-01,"https://www.inaturalist.org/observations/181258858",45.5455108949,-73.155463718,"New_observation_inat","2023","September"
2023-09-06,"https://www.inaturalist.org/observations/182055147",45.5056720997,-73.551793,"New_observation_inat","2023","September"
2023-09-06,"https://www.inaturalist.org/observations/183231134",45.2889572238,-74.1772680831,"New_observation_inat","2023","September"
2023-09-07,"https://www.inaturalist.org/observations/187508744",46.8853688,-71.1450647,"New_observation_inat","2023","September"
2023-09-08,"https://www.inaturalist.org/observations/187611440",45.9866281,-73.1670285,"New_observation_inat","2023","September"
2023-09-10,"https://www.inaturalist.org/observations/182747275",45.6304162181,-73.8043441041,"New_observation_inat","2023","September"
2023-09-13,"https://www.inaturalist.org/observations/192519329",45.4426449722,-73.604084,"New_observation_inat","2023","September"
2023-09-18,"https://www.inaturalist.org/observations/183861639",45.51539095,-73.67340663,"New_observation_inat","2023","September"
2023-10-05,"https://www.inaturalist.org/observations/186334152",45.7254765183,-73.8230320719,"New_observation_inat","2023","October"
2023-10-20,"https://www.inaturalist.org/observations/188294836",45.5181116667,-73.57833,"New_observation_inat","2023","October"
2023-10-26,"https://www.inaturalist.org/observations/189104590",45.5286115979,-73.5420656702,"New_observation_inat","2023","October"
2023-10-28,"https://www.inaturalist.org/observations/189246882",46.8437633333,-71.2400283333,"New_observation_inat","2023","October"
2023-11-13,"https://www.inaturalist.org/observations/191101540",45.4367159135,-73.8600940276,"New_observation_inat","2023","November"
2024-03-14,"https://www.inaturalist.org/observations/202446250",45.5212820015,-71.2638109564,"New_observation_inat","2024","March"
2024-04-07,"https://www.inaturalist.org/observations/206137623",46.3068805556,-72.5885611111,"New_observation_inat","2024","April"
2024-04-08,"https://www.inaturalist.org/observations/206762370",45.5131719438,-73.6723188311,"New_observation_inat","2024","April"
2024-04-12,"https://www.inaturalist.org/observations/207083179",45.5810570143,-73.9713858068,"New_observation_inat","2024","April"
2024-04-13,"https://www.inaturalist.org/observations/222303300",46.1698416781,-72.2317502112,"New_observation_inat","2024","April"
2024-04-28,"https://www.inaturalist.org/observations/210991233",45.41888026,-75.74901652,"New_observation_inat","2024","April"
2024-04-28,"https://www.inaturalist.org/observations/211000626",45.4177150517,-75.7445198107,"New_observation_inat","2024","April"
2024-05-03,"https://www.inaturalist.org/observations/224282781",45.5624881464,-73.6683971062,"New_observation_inat","2024","May"
2024-05-09,"https://www.inaturalist.org/observations/214580989",45.51533038,-73.6735549,"New_observation_inat","2024","May"
2024-05-09,"https://www.inaturalist.org/observations/214623615",45.5158537592,-73.6732142333,"New_observation_inat","2024","May"
2024-05-16,"https://www.inaturalist.org/observations/216279211",45.5223472222,-73.6010972222,"New_observation_inat","2024","May"
2024-05-20,"https://www.inaturalist.org/observations/217118839",45.5157214893,-73.5888209939,"New_observation_inat","2024","May"
2024-05-23,"https://www.inaturalist.org/observations/217900511",45.445785,-74.1925433333,"New_observation_inat","2024","May"
2024-05-25,"https://www.inaturalist.org/observations/218143382",45.43850989,-73.71966597,"New_observation_inat","2024","May"
2024-05-31,"https://www.inaturalist.org/observations/219725427",45.6283372546,-75.0218653225,"New_observation_inat","2024","May"
2024-06-02,"https://www.inaturalist.org/observations/220245808",45.5901444444,-73.5625222222,"New_observation_inat","2024","June"
2024-06-08,"https://www.inaturalist.org/observations/221452452",45.5956587225,-73.6066983038,"New_observation_inat","2024","June"
2024-06-11,"https://www.inaturalist.org/observations/223678827",45.5989262836,-73.4575016429,"New_observation_inat","2024","June"
2024-06-12,"https://www.inaturalist.org/observations/222204772",46.8016083333,-71.229805,"New_observation_inat","2024","June"
2024-06-12,"https://www.inaturalist.org/observations/222205224",46.801655,-71.2298583333,"New_observation_inat","2024","June"
2024-06-12,"https://www.inaturalist.org/observations/222261695",45.562116791,-73.5627650097,"New_observation_inat","2024","June"
2024-06-13,"https://www.inaturalist.org/observations/226027411",45.3673405739,-71.8665527925,"New_observation_inat","2024","June"
2024-06-14,"https://www.inaturalist.org/observations/250343380",46.306722,-72.672,"New_observation_inat","2024","June"
2024-06-15,"https://www.inaturalist.org/observations/226717701",45.5349716667,-73.1633388333,"New_observation_inat","2024","June"
2024-06-17,"https://www.inaturalist.org/observations/223307801",45.5375480652,-72.0531768799,"New_observation_inat","2024","June"
2024-06-18,"https://www.inaturalist.org/observations/223655954",45.5648876018,-73.5704923834,"New_observation_inat","2024","June"
2024-06-19,"https://www.inaturalist.org/observations/228737071",46.7387280578,-71.2599464133,"New_observation_inat","2024","June"
2024-06-26,"https://www.inaturalist.org/observations/225404397",45.4341693,-72.6766094,"New_observation_inat","2024","June"
2024-07-01,"https://www.inaturalist.org/observations/226441756",46.8073966667,-71.4043366667,"New_observation_inat","2024","July"
2024-07-01,"https://www.inaturalist.org/observations/226543669",47.4856576507,-70.0233742967,"New_observation_inat","2024","July"
2024-07-01,"https://www.inaturalist.org/observations/226545332",45.395791445,-73.7474967167,"New_observation_inat","2024","July"
2024-07-02,"https://www.inaturalist.org/observations/241636910",45.6472649345,-75.9941690692,"New_observation_inat","2024","July"
2024-07-04,"https://www.inaturalist.org/observations/227416403",46.7802527778,-71.2886277778,"New_observation_inat","2024","July"
2024-07-04,"https://www.inaturalist.org/observations/227537835",45.4459733333,-74.19283,"New_observation_inat","2024","July"
2024-07-05,"https://www.inaturalist.org/observations/227305478",47.5921559846,-69.8193482962,"New_observation_inat","2024","July"
2024-07-06,"https://www.inaturalist.org/observations/227609605",47.4453277588,-70.4359436035,"New_observation_inat","2024","July"
2024-07-06,"https://www.inaturalist.org/observations/227629183",45.4773947115,-73.6004708335,"New_observation_inat","2024","July"
2024-07-08,"https://www.inaturalist.org/observations/228160896",45.4615719427,-73.5601897538,"New_observation_inat","2024","July"
2024-07-12,"https://www.inaturalist.org/observations/252893823",46.9378521153,-70.8742366255,"New_observation_inat","2024","July"
2024-07-13,"https://www.inaturalist.org/observations/229957541",47.4241572579,-70.3177901729,"New_observation_inat","2024","July"
2024-07-15,"https://www.inaturalist.org/observations/229614533",46.7127732585,-71.3012390211,"New_observation_inat","2024","July"
2024-07-15,"https://www.inaturalist.org/observations/229874658",46.2570432718,-72.8206639884,"New_observation_inat","2024","July"
2024-07-15,"https://www.inaturalist.org/observations/229874673",46.2570978714,-72.8206425353,"New_observation_inat","2024","July"
2024-07-17,"https://www.inaturalist.org/observations/230069591",45.5501342142,-73.5506865896,"New_observation_inat","2024","July"
2024-07-19,"https://www.inaturalist.org/observations/230831967",46.0895799722,-70.60295,"New_observation_inat","2024","July"
2024-07-22,"https://www.inaturalist.org/observations/231642440",45.3939012122,-75.8040547371,"New_observation_inat","2024","July"
2024-07-23,"https://www.inaturalist.org/observations/231430740",45.4496643349,-73.5672581996,"New_observation_inat","2024","July"
2024-07-24,"https://www.inaturalist.org/observations/231486244",45.5410012395,-73.5674726548,"New_observation_inat","2024","July"
2024-07-26,"https://www.inaturalist.org/observations/231928255",45.5147472222,-73.6733305556,"New_observation_inat","2024","July"
2024-07-26,"https://www.inaturalist.org/observations/231928272",45.5147305556,-73.6733361111,"New_observation_inat","2024","July"
2024-07-28,"https://www.inaturalist.org/observations/232624781",45.5501282756,-73.550675832,"New_observation_inat","2024","July"
2024-07-28,"https://www.inaturalist.org/observations/235019005",45.4890936335,-73.5891200261,"New_observation_inat","2024","July"
2024-07-29,"https://www.inaturalist.org/observations/232588891",45.620105,-72.9642866667,"New_observation_inat","2024","July"
2024-07-29,"https://www.inaturalist.org/observations/233209564",45.5501282196,-73.5506694403,"New_observation_inat","2024","July"
2024-08-01,"https://www.inaturalist.org/observations/233085947",46.07149832,-72.82362688,"New_observation_inat","2024","August"
2024-08-01,"https://www.inaturalist.org/observations/258868621",46.9378521153,-70.8742366255,"New_observation_inat","2024","August"
2024-08-02,"https://www.inaturalist.org/observations/233371853",48.6290290562,-68.1259417534,"New_observation_inat","2024","August"
2024-08-03,"https://www.inaturalist.org/observations/233573980",45.3862255617,-73.7714168337,"New_observation_inat","2024","August"
2024-08-03,"https://www.inaturalist.org/observations/233621074",45.3606231253,-71.841228277,"New_observation_inat","2024","August"
2024-08-05,"https://www.inaturalist.org/observations/234235911",45.5519648837,-73.542560116,"New_observation_inat","2024","August"
2024-08-10,"https://www.inaturalist.org/observations/234884023",45.8068008423,-74.0477371216,"New_observation_inat","2024","August"
2024-08-10,"https://www.inaturalist.org/observations/234889993",45.8050684719,-74.0489716942,"New_observation_inat","2024","August"
2024-08-10,"https://www.inaturalist.org/observations/234952970",46.7209694444,-71.5306666667,"New_observation_inat","2024","August"
2024-08-11,"https://www.inaturalist.org/observations/235267986",46.9060259722,-71.38709,"New_observation_inat","2024","August"
2024-08-11,"https://www.inaturalist.org/observations/236569904",46.7185644183,-71.5385776386,"New_observation_inat","2024","August"
2024-08-12,"https://www.inaturalist.org/observations/235430482",46.7844141171,-71.2701426029,"New_observation_inat","2024","August"
2024-08-12,"https://www.inaturalist.org/observations/236207554",45.536725219,-73.6279733375,"New_observation_inat","2024","August"
2024-08-13,"https://www.inaturalist.org/observations/235572277",45.543525,-73.59932,"New_observation_inat","2024","August"
2024-08-13,"https://www.inaturalist.org/observations/235691398",45.6511624,-73.4452157,"New_observation_inat","2024","August"
2024-08-13,"https://www.inaturalist.org/observations/236030065",45.47028,-73.6105333333,"New_observation_inat","2024","August"
2024-08-13,"https://www.inaturalist.org/observations/236269937",45.3865312709,-73.7675230896,"New_observation_inat","2024","August"
2024-08-14,"https://www.inaturalist.org/observations/236323453",45.3852128016,-73.763035857,"New_observation_inat","2024","August"
2024-08-15,"https://www.inaturalist.org/observations/236361190",45.5149888889,-73.6729527778,"New_observation_inat","2024","August"
2024-08-16,"https://www.inaturalist.org/observations/239517492",45.6989349722,-73.4789739722,"New_observation_inat","2024","August"
2024-08-18,"https://www.inaturalist.org/observations/236519070",45.3907165527,-73.7459640503,"New_observation_inat","2024","August"
2024-08-20,"https://www.inaturalist.org/observations/236919983",45.5562026515,-73.6653749952,"New_observation_inat","2024","August"
2024-08-20,"https://www.inaturalist.org/observations/237096378",47.0325163825,-70.4726874431,"New_observation_inat","2024","August"
2024-08-23,"https://www.inaturalist.org/observations/237541728",45.629805,-73.981545,"New_observation_inat","2024","August"
2024-08-24,"https://www.inaturalist.org/observations/237772037",45.59527,-73.5941033333,"New_observation_inat","2024","August"
2024-08-27,"https://www.inaturalist.org/observations/238325758",46.243344,-74.737998,"New_observation_inat","2024","August"
2024-09-13,"https://www.inaturalist.org/observations/249443127",45.5549487141,-73.6394004695,"New_observation_inat","2024","September"
2024-09-18,"https://www.inaturalist.org/observations/242947058",45.298527,-72.322953,"New_observation_inat","2024","September"
2024-09-28,"https://www.inaturalist.org/observations/244576379",46.3502676459,-72.5786163379,"New_observation_inat","2024","September"
2024-09-30,"https://www.inaturalist.org/observations/245084069",45.4870866667,-73.5846416667,"New_observation_inat","2024","September"
2024-10-11,"https://www.inaturalist.org/observations/246780529",45.51530613,-73.67366496,"New_observation_inat","2024","October"
2024-10-14,"https://www.inaturalist.org/observations/247355372",45.7508356311,-74.0505403095,"New_observation_inat","2024","October"
2024-10-18,"https://www.inaturalist.org/observations/247949597",45.51536141,-73.67358833,"New_observation_inat","2024","October"
2024-10-19,"https://www.inaturalist.org/observations/248177941",46.0448713062,-73.7106184289,"New_observation_inat","2024","October"
2024-10-20,"https://www.inaturalist.org/observations/248342614",45.5841978452,-72.8279765323,"New_observation_inat","2024","October"
2024-10-20,"https://www.inaturalist.org/observations/248345486",45.6128579892,-72.8197797015,"New_observation_inat","2024","October"
2024-10-20,"https://www.inaturalist.org/observations/248350840",45.6123795528,-72.8184117749,"New_observation_inat","2024","October"
2024-10-23,"https://www.inaturalist.org/observations/248753983",46.8054033333,-71.2175966667,"New_observation_inat","2024","October"
2024-12-03,"https://www.inaturalist.org/observations/254031929",45.662880131,-75.3461560607,"New_observation_inat","2024","December"
2019-08-01,"https://www.inaturalist.org/observations/52411903",45.3476633397,-73.7711200008,"Previous_observation_inat","2019","August"
2021-06-25,"https://www.inaturalist.org/observations/84511152",45.546267,-73.342501,"Previous_observation_inat","2021","June"
2021-07-18,"https://www.inaturalist.org/observations/87665579",45.3159564961,-73.2521987334,"Previous_observation_inat","2021","July"
2021-08-06,"https://www.inaturalist.org/observations/90177637",46.7791670833,-71.0223243333,"Previous_observation_inat","2021","August"
2021-08-19,"https://www.inaturalist.org/observations/92119062",45.5311251935,-75.8665466309,"Previous_observation_inat","2021","August"
2021-09-17,"https://www.inaturalist.org/observations/95850949",46.09272,-76.053301,"Previous_observation_inat","2021","September"
2022-06-12,"https://www.inaturalist.org/observations/121736697",46.6883248903,-71.8892684608,"Previous_observation_inat","2022","June"
2022-06-18,"https://www.inaturalist.org/observations/122393748",45.552947,-73.6011979722,"Previous_observation_inat","2022","June"
2022-06-20,"https://www.inaturalist.org/observations/122942353",46.8254597437,-71.2382064387,"Previous_observation_inat","2022","June"
2022-07-20,"https://www.inaturalist.org/observations/127179564",45.8995939151,-74.1582266264,"Previous_observation_inat","2022","July"
2022-06-13,"https://www.inaturalist.org/observations/127677855",45.2435029,-72.454758,"Previous_observation_inat","2022","June"
2022-07-30,"https://www.inaturalist.org/observations/128609621",45.4714627558,-73.9320337473,"Previous_observation_inat","2022","July"
2022-08-01,"https://www.inaturalist.org/observations/128964261",45.50836,-73.460885,"Previous_observation_inat","2022","August"
2022-08-17,"https://www.inaturalist.org/observations/132184482",45.5238320861,-73.5987690856,"Previous_observation_inat","2022","August"
2022-06-06,"https://www.inaturalist.org/observations/133953398",45.3809830674,-73.7339033055,"Previous_observation_inat","2022","June"
2022-09-30,"https://www.inaturalist.org/observations/137044024",45.39158021,-73.48615824,"Previous_observation_inat","2022","September"
2022-10-05,"https://www.inaturalist.org/observations/137742524",46.8011620114,-71.2185810506,"Previous_observation_inat","2022","October"
2022-10-06,"https://www.inaturalist.org/observations/137891604",45.5641021729,-73.5684814453,"Previous_observation_inat","2022","October"
2023-06-15,"https://www.inaturalist.org/observations/167530508",45.5051240953,-73.5476792604,"Previous_observation_inat","2023","June"
2023-07-08,"https://www.inaturalist.org/observations/171795574",45.5052636713,-73.8033038378,"Previous_observation_inat","2023","July"
2023-07-12,"https://www.inaturalist.org/observations/172527431",45.5050630013,-73.5477020591,"Previous_observation_inat","2023","July"
2023-07-14,"https://www.inaturalist.org/observations/172915281",45.5092026,-73.8054395997,"Previous_observation_inat","2023","July"
2023-07-29,"https://www.inaturalist.org/observations/175641542",48.3321109,-69.3968025,"Previous_observation_inat","2023","July"
2023-08-01,"https://www.inaturalist.org/observations/176170558",45.5050060611,-73.5476535278,"Previous_observation_inat","2023","August"
2023-08-06,"https://www.inaturalist.org/observations/177045562",45.4389491515,-73.8520559414,"Previous_observation_inat","2023","August"
2023-08-27,"https://www.inaturalist.org/observations/180507239",45.4537161616,-73.5704495385,"Previous_observation_inat","2023","August"
2023-10-20,"https://www.inaturalist.org/observations/188300596",45.4895697755,-73.5882101208,"Previous_observation_inat","2023","October"
2022-08-29,"https://www.inaturalist.org/observations/199724160",45.2813116874,-72.1713077151,"Previous_observation_inat","2022","August"
2024-05-25,"https://www.inaturalist.org/observations/218254816",45.5140969075,-73.5332942382,"Previous_observation_inat","2024","May"
2024-06-04,"https://www.inaturalist.org/observations/220711395",45.4571268997,-73.5625090997,"Previous_observation_inat","2024","June"
2024-06-20,"https://www.inaturalist.org/observations/223976191",45.5198843565,-73.3427330472,"Previous_observation_inat","2024","June"
2022-06-24,"https://www.inaturalist.org/observations/224047855",46.9268741782,-71.1910409928,"Previous_observation_inat","2022","June"
2023-08-02,"https://www.inaturalist.org/observations/224058386",46.8489077676,-71.2808553925,"Previous_observation_inat","2023","August"
2021-08-20,"https://www.inaturalist.org/observations/224059122",46.8514683386,-71.2488743999,"Previous_observation_inat","2021","August"
2022-09-21,"https://www.inaturalist.org/observations/224062258",46.8330744565,-71.2146008919,"Previous_observation_inat","2022","September"
2024-07-13,"https://www.inaturalist.org/observations/229836067",45.6469247556,-75.6774204922,"Previous_observation_inat","2024","July"
2024-07-19,"https://www.inaturalist.org/observations/230336397",45.7368983333,-73.4454316667,"Previous_observation_inat","2024","July"
2024-07-29,"https://www.inaturalist.org/observations/232708433",45.4760722222,-73.773775,"Previous_observation_inat","2024","July"
2024-08-04,"https://www.inaturalist.org/observations/234749479",45.4328078627,-73.7415539207,"Previous_observation_inat","2024","August"
2024-08-27,"https://www.inaturalist.org/observations/239319000",45.8111083333,-74.1876616667,"Previous_observation_inat","2024","August"
2024-08-16,"https://www.inaturalist.org/observations/246211424",46.9016827139,-71.1707876056,"Previous_observation_inat","2024","August"
2024-10-20,"https://www.inaturalist.org/observations/248347904",45.5620510905,-75.4937534002,"Previous_observation_inat","2024","October"
2024-07-05,"https://www.inaturalist.org/observations/261260238",45.84517,-74.72413,"Previous_observation_inat","2024","July"
